<?xml version="1.0" encoding="UTF-8"?>
<!DOCTYPE suite SYSTEM "https://testng.org/testng-1.0.dtd">
<suite name="Suite" parallel="tests">
	<groups>
		<run>
			<include name="error-handeling"></include>
		</run>
	</groups>
	<test thread-count="5" name="Submit Order Test">
		<classes>
			<class name="E2ESelTestPackage.ErrorValidationTest" />
		</classes>
	</test>

	<test thread-count="5" name="Error Validations Test">
		<classes>
			<class name="E2ESelTestPackage.StandAloneTestforEditing" />
		</classes>
	</test>
</suite> 


